{
  "bayan@gmail.com": {
    "selected_assets": [
      "KEYS",
      "MHK",
      "HWM",
      "COO",
      "EXPE",
      "KLAC",
      "ALLE",
      "CHRW",
      "CTSH",
      "ADSK",
      "WBD",
      "PLTR",
      "VMC",
      "VST",
      "TECH"
    ],
    "weights": [
      0.10898303513762816,
      0.07323154520669144,
      0.0749105339442545,
      0.06710624480436381,
      0.06873966070618691,
      0.12437820340618753,
      0.08340821931705027,
      0.06182073604732407,
      0.08679776058505195,
      0.02,
      0.12599287557311045,
      0.020000000000069438,
      0.044631185272109526,
      0.02000000000000629,
      0.02
    ]
  },
  "adeeb12@gmail.com": {
    "selected_assets": [
      "KEYS",
      "AXON",
      "HWM",
      "EXPE",
      "FICO",
      "TPL",
      "MHK",
      "PLTR",
      "PODD",
      "WBD",
      "TSLA",
      "UAL",
      "VMC",
      "VST",
      "WM"
    ],
    "weights": [
      0.14999999999988992,
      0.020000000000000014,
      0.13758550862980704,
      0.04674825382219697,
      0.020000000000098498,
      0.02000000000004189,
      0.14999999999989327,
      0.020000000000162513,
      0.1499999999998835,
      0.13279094448391823,
      0.02000000000010682,
      0.0200000000003952,
      0.07287529306373057,
      0.020000000000049006,
      0.020000000000000094
    ]
  }
}